{"last_tab":"","ts_logo":{"url":"https:\/\/demo.theme-sky.com\/gostore-import\/wp-content\/themes\/gostore\/images\/logo.png","id":"","height":"","width":"","thumbnail":""},"ts_logo_mobile":{"url":"","id":"","height":"","width":"","thumbnail":""},"ts_logo_sticky":{"url":"","id":"","height":"","width":"","thumbnail":""},"ts_logo_width":"160","ts_device_logo_width":"136","ts_favicon":{"url":"https:\/\/demo.theme-sky.com\/gostore-import\/wp-content\/themes\/gostore\/images\/favicon.ico","id":"","height":"","width":"","thumbnail":""},"ts_text_logo":"GoStore","ts_layout_fullwidth":"0","ts_header_layout_fullwidth":"0","ts_main_content_layout_fullwidth":"0","ts_footer_layout_fullwidth":"0","ts_layout_style":"wide","ts_enable_rtl":"","ts_smooth_scroll":"","ts_back_to_top_button":"1","ts_back_to_top_button_on_mobile":"1","ts_loading_screen":"0","ts_loading_image":"1","ts_custom_loading_image":{"url":"https:\/\/demo.theme-sky.com\/gostore-import\/wp-content\/uploads\/2021\/03\/loading-intro.gif","id":"17673","height":"152","width":"152","thumbnail":"https:\/\/demo.theme-sky.com\/gostore-import\/wp-content\/uploads\/2021\/03\/loading-intro-150x150.gif"},"ts_display_loading_screen_in":"all-pages","ts_primary_color":{"color":"#f50000","alpha":"1","rgba":"rgba(245,0,0,1)"},"ts_text_color_in_bg_primary":{"color":"#ffffff","alpha":"1","rgba":"rgba(255,255,255,1)"},"ts_main_content_background_color":{"color":"#ffffff","alpha":"1","rgba":"rgba(255,255,255,1)"},"ts_text_color":{"color":"#707070","alpha":"1","rgba":"rgba(112,112,112,1)"},"ts_text_bold_color":{"color":"#161616","alpha":"1","rgba":"rgba(22,22,22,1)"},"ts_text_bold_hover":{"color":"#f50000","alpha":"1","rgba":"rgba(245,0,0,1)"},"ts_link_color":{"color":"#f50000","alpha":"1","rgba":"rgba(245,0,0,1)"},"ts_link_color_hover":{"color":"#f50000","alpha":"1","rgba":"rgba(245,0,0,1)"},"ts_border_color":{"color":"#e5e5e5","alpha":"1","rgba":"rgba(229,229,229,1)"},"ts_border_product_color":{"color":"#efefef","alpha":"1","rgba":"rgba(239,239,239,1)"},"ts_input_text_color":{"color":"#161616","alpha":"1","rgba":"rgba(22,22,22,1)"},"ts_input_border_color":{"color":"#d1d1d1","alpha":"1","rgba":"rgba(209,209,209,1)"},"ts_input_text_hover":{"color":"#161616","alpha":"1","rgba":"rgba(22,22,22,1)"},"ts_input_border_hover":{"color":"#161616","alpha":"1","rgba":"rgba(22,22,22,1)"},"ts_button_text_color":{"color":"#161616","alpha":"1","rgba":"rgba(22,22,22,1)"},"ts_button_background_color":{"color":"transparent","alpha":"0","rgba":"rgba(0,0,0,0)"},"ts_button_border_color":{"color":"#161616","alpha":"1","rgba":"rgba(22,22,22,1)"},"ts_button_text_hover":{"color":"#ffffff","alpha":"1","rgba":"rgba(255,255,255,1)"},"ts_button_background_hover":{"color":"#161616","alpha":"1","rgba":"rgba(22,22,22,1)"},"ts_button_border_hover":{"color":"#161616","alpha":"1","rgba":"rgba(22,22,22,1)"},"ts_special_button_text_color":{"color":"#f50000","alpha":"1","rgba":"rgba(245,0,0,1)"},"ts_breadcrumb_background_color":{"color":"#f6f9fc","alpha":"1","rgba":"rgba(246,249,252,1)"},"ts_breadcrumb_text_color":{"color":"#707070","alpha":"1","rgba":"rgba(112,112,112,1)"},"ts_breadcrumb_heading_color":{"color":"#161616","alpha":"1","rgba":"rgba(22,22,22,1)"},"ts_breadcrumb_link_color_hover":{"color":"#f50000","alpha":"1","rgba":"rgba(245,0,0,1)"},"ts_breadcrumb_img_text_color":{"color":"#ffffff","alpha":"1","rgba":"rgba(255,255,255,1)"},"ts_breadcrumb_img_heading_color":{"color":"#ffffff","alpha":"1","rgba":"rgba(255,255,255,1)"},"ts_breadcrumb_img_link_color_hover":{"color":"#f1f1f1","alpha":"1","rgba":"rgba(241,241,241,1)"},"ts_header_notice_background_color":{"color":"#f6f9fc","alpha":"1","rgba":"rgba(246,249,252,1)"},"ts_middle_header_text_color":{"color":"#ffffff","alpha":"1","rgba":"rgba(255,255,255,1)"},"ts_middle_header_text_hover":{"color":"#f50000","alpha":"1","rgba":"rgba(245,0,0,1)"},"ts_middle_header_background_color":{"color":"#131f35","alpha":"1","rgba":"rgba(19,31,53,1)"},"ts_header_cart_number_color":{"color":"#ffffff","alpha":"1","rgba":"rgba(255,255,255,1)"},"ts_header_cart_number_bg_color":{"color":"#f50000","alpha":"1","rgba":"rgba(245,0,0,1)"},"ts_header_search_text_color":{"color":"#707070","alpha":"1","rgba":"rgba(112,112,112,1)"},"ts_header_search_placeholder_text":{"color":"#999999","alpha":"1","rgba":"rgba(153,153,153,1)"},"ts_header_search_background_color":{"color":"#ffffff","alpha":"1","rgba":"rgba(255,255,255,1)"},"ts_header_search_border_color":{"color":"#ffffff","alpha":"1","rgba":"rgba(255,255,255,1)"},"ts_header_search_line_color":{"color":"#e5e5e5","alpha":"1","rgba":"rgba(229,229,229,1)"},"ts_header_search_button_text_color":{"color":"#161616","alpha":"1","rgba":"rgba(22,22,22,1)"},"ts_bottom_header_info_text_color":{"color":"#a7a9ae","alpha":"1","rgba":"rgba(167,169,174,1)"},"ts_bottom_header_background_color":{"color":"#131f35","alpha":"1","rgba":"rgba(19,31,53,1)"},"ts_bottom_header_border_color":{"color":"#2b364a","alpha":"1","rgba":"rgba(43,54,74,1)"},"ts_menu_text_color":{"color":"#ffffff","alpha":"1","rgba":"rgba(255,255,255,1)"},"ts_menu_text_hover":{"color":"#cdced1","alpha":"1","rgba":"rgba(205,206,209,1)"},"ts_sub_menu_text_color":{"color":"#707070","alpha":"1","rgba":"rgba(112,112,112,1)"},"ts_sub_menu_text_hover":{"color":"#f50000","alpha":"1","rgba":"rgba(245,0,0,1)"},"ts_sub_menu_heading_color":{"color":"#161616","alpha":"1","rgba":"rgba(22,22,22,1)"},"ts_sub_menu_background_color":{"color":"#ffffff","alpha":"1","rgba":"rgba(255,255,255,1)"},"ts_vertical_headding_text_color":{"color":"#ffffff","alpha":"1","rgba":"rgba(255,255,255,1)"},"ts_vertical_headding_background_color":{"color":"#131f35","alpha":"1","rgba":"rgba(19,31,53,1)"},"ts_vertical_menu_text_color":{"color":"#161616","alpha":"1","rgba":"rgba(22,22,22,1)"},"ts_vertical_menu_text_hover":{"color":"#161616","alpha":"1","rgba":"rgba(22,22,22,1)"},"ts_vertical_menu_border_color":{"color":"#e5e5e5","alpha":"1","rgba":"rgba(229,229,229,1)"},"ts_vertical_menu_background_color":{"color":"#ffffff","alpha":"1","rgba":"rgba(255,255,255,1)"},"ts_vertical_sub_menu_text_color":{"color":"#707070","alpha":"1","rgba":"rgba(112,112,112,1)"},"ts_vertical_sub_menu_text_hover":{"color":"#f50000","alpha":"1","rgba":"rgba(245,0,0,1)"},"ts_header_mobile_background_color":{"color":"#131f35","alpha":"1","rgba":"rgba(19,31,53,1)"},"ts_header_mobile_text_color":{"color":"#ffffff","alpha":"1","rgba":"rgba(255,255,255,1)"},"ts_header_mobile_search_background_color":{"color":"#ffffff","alpha":"1","rgba":"rgba(255,255,255,1)"},"ts_header_mobile_search_border_color":{"color":"#ffffff","alpha":"1","rgba":"rgba(255,255,255,1)"},"ts_header_mobile_search_button_text_color":{"color":"#161616","alpha":"1","rgba":"rgba(22,22,22,1)"},"ts_header_mobile_cart_number_text_color":{"color":"#ffffff","alpha":"1","rgba":"rgba(255,255,255,1)"},"ts_header_mobile_cart_number_background_color":{"color":"#f50000","alpha":"1","rgba":"rgba(245,0,0,1)"},"ts_tab_menu_mobile_text_color":{"color":"#ffffff","alpha":"1","rgba":"rgba(255,255,255,1)"},"ts_tab_menu_mobile_background_color":{"color":"#131f35","alpha":"1","rgba":"rgba(19,31,53,1)"},"ts_tab_menu_mobile_text_hover":{"color":"#ffffff","alpha":"1","rgba":"rgba(255,255,255,1)"},"ts_tab_menu_mobile_background_hover":{"color":"#1f2a3f","alpha":"1","rgba":"rgba(31,42,63,1)"},"ts_menu_mobile_text_color":{"color":"#161616","alpha":"1","rgba":"rgba(22,22,22,1)"},"ts_menu_mobile_text_hover":{"color":"#f50000","alpha":"1","rgba":"rgba(245,0,0,1)"},"ts_menu_mobile_heading_color":{"color":"#161616","alpha":"1","rgba":"rgba(22,22,22,1)"},"ts_menu_mobile_background_color":{"color":"#ffffff","alpha":"1","rgba":"rgba(255,255,255,1)"},"ts_menu_mobile_border_color":{"color":"#e5e5e5","alpha":"1","rgba":"rgba(229,229,229,1)"},"ts_bottom_menu_mobile_text_color":{"color":"#707070","alpha":"1","rgba":"rgba(112,112,112,1)"},"ts_bottom_menu_mobile_background_color":{"color":"#f6f9fc","alpha":"1","rgba":"rgba(246,249,252,1)"},"ts_footer_background_color":{"color":"#131f35","alpha":"1","rgba":"rgba(19,31,53,1)"},"ts_footer_text_color":{"color":"#b7b9bc","alpha":"1","rgba":"rgba(183,185,188,1)"},"ts_footer_text_hover":{"color":"#f50000","alpha":"1","rgba":"rgba(245,0,0,1)"},"ts_footer_heading_color":{"color":"#ffffff","alpha":"1","rgba":"rgba(255,255,255,1)"},"ts_footer_border_color":{"color":"#2b364a","alpha":"1","rgba":"rgba(43,54,74,1)"},"ts_footer_border_hover":{"color":"#ffffff","alpha":"1","rgba":"rgba(255,255,255,1)"},"ts_footer_tags_background_color":{"color":"#1a263b","alpha":"1","rgba":"rgba(26,38,59,1)"},"ts_product_name_text_color":{"color":"#161616","alpha":"1","rgba":"rgba(22,22,22,1)"},"ts_product_name_text_hover":{"color":"#f50000","alpha":"1","rgba":"rgba(245,0,0,1)"},"ts_product_price_color":{"color":"#000000","alpha":"1","rgba":"rgba(0,0,0,1)"},"ts_product_del_price_color":{"color":"#848484","alpha":"1","rgba":"rgba(132,132,132,1)"},"ts_product_sale_price_color":{"color":"#f50000","alpha":"1","rgba":"rgba(245,0,0,1)"},"ts_rating_color":{"color":"#f9ac00","alpha":"1","rgba":"rgba(249,172,0,1)"},"ts_rating_fill_color":{"color":"#f9ac00","alpha":"1","rgba":"rgba(249,172,0,1)"},"ts_product_button_thumbnail_text_color":{"color":"#161616","alpha":"1","rgba":"rgba(22,22,22,1)"},"ts_product_button_thumbnail_background_color":{"color":"#ffffff","alpha":"1","rgba":"rgba(255,255,255,1)"},"ts_product_button_thumbnail_text_hover":{"color":"#ffffff","alpha":"1","rgba":"rgba(255,255,255,1)"},"ts_product_button_thumbnail_background_hover":{"color":"#161616","alpha":"1","rgba":"rgba(22,22,22,1)"},"ts_product_button_thumbnail_tooltip_background_color":{"color":"#ffffff","alpha":"1","rgba":"rgba(255,255,255,1)"},"ts_product_button_thumbnail_tooltip_text_color":{"color":"#161616","alpha":"1","rgba":"rgba(22,22,22,1)"},"ts_product_sale_label_text_color":{"color":"#ffffff","alpha":"1","rgba":"rgba(255,255,255,1)"},"ts_product_sale_label_background_color":{"color":"#39b54a","alpha":"1","rgba":"rgba(57,181,74,1)"},"ts_product_new_label_text_color":{"color":"#ffffff","alpha":"1","rgba":"rgba(255,255,255,1)"},"ts_product_new_label_background_color":{"color":"#0b5fb5","alpha":"1","rgba":"rgba(11,95,181,1)"},"ts_product_feature_label_text_color":{"color":"#ffffff","alpha":"1","rgba":"rgba(255,255,255,1)"},"ts_product_feature_label_background_color":{"color":"#f50000","alpha":"1","rgba":"rgba(245,0,0,1)"},"ts_product_outstock_label_text_color":{"color":"#ffffff","alpha":"1","rgba":"rgba(255,255,255,1)"},"ts_product_outstock_label_background_color":{"color":"#989898","alpha":"1","rgba":"rgba(152,152,152,1)"},"ts_nav_text_color":{"color":"#161616","alpha":"1","rgba":"rgba(22,22,22,1)"},"ts_nav_background_color":{"color":"#ffffff","alpha":"1","rgba":"rgba(255,255,255,1)"},"ts_nav_text_hover":{"color":"#ffffff","alpha":"1","rgba":"rgba(255,255,255,1)"},"ts_nav_background_hover":{"color":"#161616","alpha":"1","rgba":"rgba(22,22,22,1)"},"ts_body_font":{"font-family":"Rubik","font-options":"","google":"1","font-weight":"400","font-style":"","subsets":"","font-size":"14px","line-height":"26px","letter-spacing":"0px"},"ts_body_font_bold":{"font-family":"Rubik","font-options":"","google":"1","font-weight":"600","font-style":"","subsets":"","letter-spacing":"0px"},"ts_heading_font":{"font-family":"Rubik","font-options":"","google":"1","font-weight":"700","font-style":"","subsets":"","letter-spacing":"0px"},"ts_menu_font":{"font-family":"Rubik","font-options":"","google":"1","font-weight":"400","font-style":"","subsets":"","font-size":"14px","line-height":"20px","letter-spacing":"0px"},"ts_menu_font_active":{"font-family":"Rubik","font-options":"","google":"1","font-weight":"600","font-style":"","subsets":""},"ts_sub_menu_font":{"font-family":"Rubik","font-options":"","google":"1","font-weight":"400","font-style":"","subsets":"","font-size":"14px","line-height":"22px","letter-spacing":"0px"},"ts_mobile_menu_font":{"font-family":"Poppins","font-options":"","google":"1","font-weight":"400","font-style":"","subsets":"","font-size":"14px","line-height":"20px","letter-spacing":"0px"},"ts_custom_font_ttf":{"url":"","id":"","height":"","width":"","thumbnail":""},"ts_h1_font":{"font-size":"72px","line-height":"82px"},"ts_h2_font":{"font-size":"42px","line-height":"48px"},"ts_h3_font":{"font-size":"32px","line-height":"44px"},"ts_h4_font":{"font-size":"24px","line-height":"34px"},"ts_h5_font":{"font-size":"18px","line-height":"26px"},"ts_h6_font":{"font-size":"16px","line-height":"24px"},"ts_small_font":{"font-size":"13px"},"ts_mini_font":{"font-size":"12px"},"ts_button_font":{"font-size":"13px"},"ts_body_ipad_font":{"font-size":"13px","line-height":"24px"},"ts_menu_ipad_font":{"font-size":"13px","line-height":"20px","letter-spacing":"0px"},"ts_sub_menu_ipad_font":{"font-size":"13px","line-height":"20px","letter-spacing":"0px"},"ts_h1_ipad_font":{"font-size":"52px","line-height":"56px"},"ts_h2_ipad_font":{"font-size":"32px","line-height":"40px"},"ts_h3_ipad_font":{"font-size":"24px","line-height":"34px"},"ts_h4_ipad_font":{"font-size":"18px","line-height":"24px"},"ts_h5_ipad_font":{"font-size":"16px","line-height":"22px"},"ts_h6_ipad_font":{"font-size":"14px","line-height":"20px"},"ts_h1_mobile_font":{"font-size":"42px","line-height":"48px"},"ts_h2_mobile_font":{"font-size":"28px","line-height":"34px"},"ts_h3_mobile_font":{"font-size":"20px","line-height":"28px"},"ts_h4_mobile_font":{"font-size":"18px","line-height":"24px"},"ts_h5_mobile_font":{"font-size":"16px","line-height":"22px"},"ts_h6_mobile_font":{"font-size":"14px","line-height":"20px"},"ts_header_layout":"v1","ts_enable_sticky_header":"1","ts_enable_search":"1","ts_search_by_category":"1","ts_enable_tiny_wishlist":"1","ts_header_currency":"0","ts_header_language":"0","ts_enable_tiny_account":"1","ts_enable_tiny_shopping_cart":"1","ts_shopping_cart_sidebar":"","ts_show_shopping_cart_after_adding":"","ts_add_to_cart_effect":"","ts_header_info":"<p><span class=\"mobile-contact\">(+84) 777 890 999<\/span><\/p>","ts_store_notice":"<p><img class=\"img-bg\" src=\"https:\/\/demo.theme-sky.com\/gostore-import\/wp-content\/uploads\/2021\/05\/store-noted.jpg\" alt=\"banner\" \/><\/p>\r\n<h5><span style=\"color: #161616;\"><strong style=\"color: #f50000;\">SENIOR\u2019S MEMBER<\/strong> DISCOUNT DAYS! SAVE <strong style=\"color: #f50000;\">25%<\/strong> EACH TUESDAY<\/span><\/h5>","ts_header_feature_icon_1":{"url":"https:\/\/demo.theme-sky.com\/gostore-import\/wp-content\/uploads\/2021\/07\/menu-img.png","id":"18424","height":"54","width":"42","thumbnail":"https:\/\/demo.theme-sky.com\/gostore-import\/wp-content\/uploads\/2021\/07\/menu-img.png"},"ts_header_feature_text_1":"REPAIR & WARRANTY","ts_header_feature_link_1":"#","ts_header_feature_icon_2":{"url":"https:\/\/demo.theme-sky.com\/gostore-import\/wp-content\/uploads\/2021\/07\/menu-img-2.png","id":"18422","height":"54","width":"42","thumbnail":"https:\/\/demo.theme-sky.com\/gostore-import\/wp-content\/uploads\/2021\/07\/menu-img-2.png"},"ts_header_feature_text_2":"LOCATION \u2002 (03 BRANCH)","ts_header_feature_link_2":"#","ts_header_feature_icon_3":{"url":"https:\/\/demo.theme-sky.com\/gostore-import\/wp-content\/uploads\/2021\/07\/menu-img-3.png","id":"18423","height":"54","width":"42","thumbnail":"https:\/\/demo.theme-sky.com\/gostore-import\/wp-content\/uploads\/2021\/07\/menu-img-3.png"},"ts_header_feature_text_3":"CONTACT US <span class=\"phone-number\">(+84) 777 890 999<\/span>","ts_header_feature_link_3":"#","ts_header_recently_viewed_products":"1","ts_header_recently_viewed_products_by_all_user":"1","ts_header_number_recently_viewed_products":"4","ts_breadcrumb_layout":"v1","ts_enable_breadcrumb_background_image":"1","ts_bg_breadcrumbs":{"url":"","id":"","height":"","width":"","thumbnail":""},"ts_breadcrumb_bg_parallax":"0","ts_mobile_bottom_bar_custom_content":"","ts_footer_block":"16438","ts_menu_thumb_width":"46","ts_menu_thumb_height":"46","ts_blog_layout":"0-1-1","ts_blog_left_sidebar":"blog-sidebar","ts_blog_right_sidebar":"blog-sidebar","ts_blog_thumbnail":"1","ts_blog_date":"1","ts_blog_title":"1","ts_blog_author":"1","ts_blog_comment":"1","ts_blog_read_more":"1","ts_blog_categories":"1","ts_blog_excerpt":"1","ts_blog_excerpt_strip_tags":"","ts_blog_excerpt_max_words":"-1","ts_blog_details_layout":"0-1-1","ts_blog_details_left_sidebar":"blog-detail-sidebar","ts_blog_details_right_sidebar":"blog-detail-sidebar","ts_blog_details_thumbnail":"1","ts_blog_details_date":"1","ts_blog_details_title":"1","ts_blog_details_author":"1","ts_blog_details_comment":"1","ts_blog_details_content":"1","ts_blog_details_tags":"1","ts_blog_details_categories":"1","ts_blog_details_sharing":"1","ts_blog_details_sharing_sharethis":"1","ts_blog_details_sharing_sharethis_key":"","ts_blog_details_author_box":"1","ts_blog_details_navigation":"0","ts_blog_details_related_posts":"1","ts_blog_details_comment_form":"1","ts_portfolio_page":"","ts_portfolio_thumbnail_style":"slider","ts_portfolio_thumbnail_columns":"2","ts_portfolio_thumbnail":"1","ts_portfolio_title":"1","ts_portfolio_likes":"1","ts_portfolio_content":"1","ts_portfolio_client":"1","ts_portfolio_year":"1","ts_portfolio_url":"1","ts_portfolio_categories":"1","ts_portfolio_sharing":"1","ts_portfolio_related_posts":"1","ts_portfolio_custom_field":"","ts_portfolio_custom_field_title":"Custom Field","ts_portfolio_custom_field_content":"<p>Custom content goes here<\/p>","ts_product_label_style":"rectangle","ts_product_show_new_label":"","ts_product_new_label_text":"New","ts_product_show_new_label_time":"30","ts_product_sale_label_text":"Sale","ts_product_feature_label_text":"Hot","ts_product_out_of_stock_label_text":"Sold out","ts_show_sale_label_as":"text","ts_product_rating_style":"fill","ts_product_hover_style":"hover-vertical-style-2","ts_effect_product":"","ts_product_tooltip":"1","ts_prod_lazy_load":"1","ts_prod_placeholder_img":{"url":"https:\/\/demo.theme-sky.com\/gostore-import\/wp-content\/themes\/gostore\/images\/prod_loading.gif","id":"","height":"","width":"","thumbnail":""},"ts_enable_quickshop":"1","ts_enable_catalog_mode":"","ts_ajax_search":"1","ts_ajax_search_number_result":"4","ts_cart_checkout_process_bar":"1","ts_prod_cat_layout":"0-1-0","ts_prod_cat_left_sidebar":"product-category-sidebar","ts_prod_cat_right_sidebar":"product-category-sidebar","ts_prod_cat_columns":"4","ts_prod_cat_per_page":"20","ts_prod_cat_loading_type":"ajax-pagination","ts_prod_cat_per_page_dropdown":"1","ts_prod_cat_onsale_checkbox":"1","ts_filter_widget_area":"1","ts_show_filter_widget_area_by_default":"1","ts_prod_cat_bestsellers":"1","ts_prod_cat_thumbnail":"1","ts_prod_cat_label":"1","ts_prod_cat_brand":"0","ts_prod_cat_cat":"0","ts_prod_cat_title":"1","ts_prod_cat_sku":"0","ts_prod_cat_rating":"1","ts_prod_cat_price":"1","ts_prod_cat_add_to_cart":"1","ts_prod_cat_desc":"0","ts_prod_cat_desc_words":"8","ts_prod_cat_color_swatch":"0","ts_prod_cat_number_color_swatch":"3","ts_prod_layout":"1-1-0","ts_prod_left_sidebar":"product-detail-sidebar","ts_prod_right_sidebar":"product-detail-sidebar","ts_prod_breadcrumb":"1","ts_prod_cloudzoom":"1","ts_prod_lightbox":"1","ts_prod_attr_dropdown":"0","ts_prod_attr_color_text":"","ts_prod_next_prev_navigation":"","ts_prod_thumbnail":"1","ts_prod_label":"1","ts_prod_title":"1","ts_prod_title_in_content":"1","ts_prod_rating":"1","ts_prod_excerpt":"1","ts_prod_count_down":"1","ts_prod_price":"1","ts_prod_add_to_cart":"1","ts_prod_ajax_add_to_cart":"1","ts_prod_buy_now":"1","ts_prod_sku":"1","ts_prod_availability":"1","ts_prod_brand":"1","ts_prod_cat":"0","ts_prod_tag":"","ts_prod_sharing":"1","ts_prod_sharing_sharethis":"","ts_prod_sharing_sharethis_key":"","ts_prod_summary_extra_content":"","ts_prod_size_chart":"","ts_prod_size_chart_style":"popup","ts_prod_more_less_content":"1","ts_prod_tabs":"1","ts_prod_tabs_show_content_default":"","ts_prod_tabs_position":"after_summary","ts_prod_custom_tab":"","ts_prod_custom_tab_title":"Custom tab","ts_prod_custom_tab_content":"<p>Your custom content goes here. You can add the content for individual product<\/p>","ts_prod_ads_banner":"","ts_prod_ads_banner_content":"","ts_prod_upsells":"1","ts_prod_related":"","ts_custom_css_code":"","ts_custom_javascript_code":"","ts_loading_screen_exclude_pages":"","ts_loading_screen_specific_pages":"","ts_color_scheme":"red","redux-backup":1}